Hour,Temperature,load
1,32.9,1232.515
2,32.8,1209.296
3,32.8,1194.073
4,32.8,1195.16
5,32,1220.091
6,31.5,1255.063
7,30.6,1330.244
8,29.8,1377.368
9,29.9,1415.971
10,29.7,1392.493
11,29.8,1358.001
12,28.4,1351.085
13,27.1,1354.503
14,26.3,1324.524
15,24.7,1317.756
16,23.2,1371.137
17,21.5,1463.066
18,19.7,1535.863
19,18,1513.011
20,15.9,1476.596
21,18.3,1388.457
22,16.1,1306.342
23,13.8,1231.653
24,33.1,1176.518
1,10.1,1142.285
2,8.9,1117.107
3,7.8,1117.148
4,7.1,1120.718
5,6.3,1162.021
6,6.1,1257.467
7,5.7,1427.435
8,5.7,1474.066
9,7.4,1391.968
10,10.7,1293.423
11,14.1,1240.737
12,17,1193.748
13,19.2,1155.93
14,21,1132.141
15,22.8,1159.388
16,24.2,1231.659
17,25,1374.311
18,24.4,1461.679
19,24.3,1487.131
20,25.3,1486.127
21,26.5,1376.957
22,27.3,1281.791
23,28.1,1204.398
24,11.7,1150.314
1,28.1,1121.35
2,28.8,1105.039
3,29.5,1099.753
4,30.7,1118.144
5,32.1,1165.181
6,33,1254.353
7,33.3,1387.598
8,32,1427.356
9,23.6,1363.43
10,28.8,1285.564
11,32.3,1142.942
12,34.4,1078.207
13,36.3,1038.048
14,38.4,1041.962
15,39.6,1078.163
16,39.3,1200.012
17,38.6,1336.726
18,37.6,1458.523
19,37.6,1447.138
20,37.4,1405.772
21,38.1,1376.494
22,38,1325.632
23,38.2,1208.443
24,28.1,1165.202
1,40.5,1140.285
2,41.9,1121.262
3,41.4,1120.74
4,39.9,1132.778
5,38.3,1155.292
6,36.8,1247.312
7,35.4,1369.538
8,33.4,1417.373
9,35.7,1387.492
10,37.8,1354.888
11,38.4,1344.379
12,38.4,1323.6
13,38.2,1227.775
14,38.2,1165.981
15,36.9,1174.03
16,34.7,1304.725
17,32.4,1404.375
18,29.7,1468.826
19,27.9,1470.21
20,26.1,1424.635
21,27.1,1362.228
22,24.8,1304.692
23,22.9,1219.1
24,38.8,1170.23
1,20.7,1131.034
2,19.6,1117.673
3,18.7,1124.81
4,17.7,1133.878
5,16.6,1173.209
6,15.6,1258.967
7,14.8,1397.461
8,14.4,1423.344
9,18.7,1319.844
10,19.8,1192.648
11,20.7,1109.031
12,22.3,1084.64
13,23.8,1176.944
14,24.6,1190.999
15,25.2,1131.605
16,25.3,1187.325
17,24.5,1348.353
18,23,1447.985
19,22,1449.621
20,20.7,1410.991
21,22.8,1361.542
22,21.4,1298.844
23,19.8,1222.722
24,21.6,1180.008
1,17.6,1145.323
2,17.7,1128.648
3,17.4,1124.025
4,17.7,1134.009
5,19,1180.094
6,19.3,1257.963
7,20,1368.912
8,21.8,1423.765
9,24.6,1380.179
10,27.2,1395.261
11,28.2,1298.023
12,29.1,1276.232
13,29.5,1240.988
14,31.1,1219.068
15,32.4,1211.861
16,33.6,1279.808
17,34,1376.678
18,33.8,1463.756
19,33.5,1447.619
20,33.1,1436.686
21,27.9,1431.543
22,27.2,1337.355
23,25.7,1245.291
24,18.2,1190.746
1,30,1174.162
2,31.1,1135.419
3,31.6,1121.528
4,33.5,1127.535
5,35,1153.139
6,36,1191.532
7,36.7,1245.658
8,35.7,1305.403
9,36,1329.659
10,36.6,1344.471
11,35.9,1327.681
12,35,1297.24
13,32.9,1317.544
14,31.9,1290.325
15,31.5,1307.593
16,31,1327.515
17,29.8,1382.974
18,28,1460.76
19,26.4,1447.282
20,25.2,1412.257
21,26.1,1369.189
22,24.8,1317.206
23,22.8,1260.034
24,27.5,1227.423
1,21.5,1186.95
2,20.9,1168.046
3,21,1168.696
4,20.4,1160.416
5,19.8,1178.188
6,18.7,1212.948
7,18.1,1302.244
8,18.7,1339.413
9,22.1,1380.858
10,25.2,1305.904
11,28.4,1250.781
12,29.9,1257.675
13,31.5,1197.624
14,32.2,1168.765
15,32.5,1198.107
16,32.4,1309.36
17,31.4,1454.336
18,28.1,1569.666
19,26.5,1519.719
20,27.3,1440.615
21,28.8,1397.274
22,28.5,1350.062
23,28.2,1343.822
24,22.1,1263.592
1,27.6,1190.667
2,27.3,1167.476
3,27.1,1163.741
4,27.7,1271.136
5,28.1,1214.088
6,28.5,1298.219
7,29.2,1417.725
8,28.7,1455.048
9,25.2,1432.715
10,24.7,1220.751
11,24.4,1133.286
12,25.3,1076.759
13,26.9,1047.843
14,27.9,1043.346
15,28.9,1081.816
16,28.9,1213.787
17,29.1,1376.062
18,28.4,1493.227
19,27.5,1485.393
20,26.6,1442.53
21,25.3,1383.023
22,24.1,1308.418
23,23.6,1228.279
24,28.1,1165.61
1,23.6,1136.084
2,22.9,1117.521
3,22.3,1116.932
4,22.6,1125.95
5,23.4,1161.823
6,23,1249.73
7,22.1,1379.138
8,21.6,1393.777
9,23.9,1259.903
10,26.4,1183.658
11,29.2,1071.297
12,30.8,986.069
13,31,949.92
14,31,973.548
15,30.6,1088.782
16,30.5,1232.429
17,29.5,1328.322
18,26.6,1442.241
19,23.6,1439.4
20,21.3,1387.806
21,22,1325.259
22,20.2,1249.021
23,18.5,1168.71
24,23.8,1149.781
1,13.4,1046.268
2,10.2,1025.947
3,8.8,1004.543
4,7.7,1006.952
5,9.8,1043.634
6,11.4,1131.665
7,12.5,1220.115
8,12.6,1284.172
9,13.8,1304.729
10,17.5,1283.952
11,21.6,1270.427
12,25.4,1315.807
13,27.5,1262.65
14,28.5,1243.965
15,29.7,1288.267
16,30.1,1248.012
17,29.5,1313.144
18,28.3,1396.077
19,27,1382.237
20,26.1,1345.762
21,26.9,1293.889
22,26,1220.629
23,25.7,1148.39
24,17,1107.138
1,25.6,1048.184
2,25.2,1028.632
3,24.9,1012.944
4,23.6,1024.611
5,22.9,1062.359
6,20.8,1148.724
7,18.9,1249.231
8,17.9,1290.675
9,23,1213.967
10,27.3,1143.515
11,30.9,1055.079
12,32.3,998.907
13,32.1,1047.745
14,31.5,1048.579
15,30.8,1072.332
16,30.6,1141.227
17,30.4,1260.85
18,29.8,1386.058
19,30,1400.058
20,30.6,1362.265
21,31.6,1315.179
22,31.7,1257.757
23,31.8,1184.029
24,26,1125.822
1,32,1120.193
2,32.2,1092.754
3,32.5,1066.33
4,33,1078.354
5,33.3,1119.077
6,33.6,1200.295
7,34.8,1309.881
8,35.4,1305.345
9,35.6,1228.806
10,36.5,1167.09
11,37.1,1027.921
12,37,953.828
13,36.9,919.31
14,37.6,933.869
15,37.7,987.463
16,37.1,1097.412
17,37.9,1236.331
18,38.3,1357.173
19,37.8,1353.85
20,38.3,1304.724
21,38.7,1263.399
22,35.6,1215.11
23,31.8,1157.768
24,32,1101.305
1,29,1074.721
2,28.1,1055.647
3,27,1042.967
4,25.8,1053.932
5,24.3,1081.31
6,23.1,1127.625
7,22.2,1184.867
8,21.1,1188.894
9,25.5,1125.065
10,26.8,1101.145
11,27.7,1104.543
12,27.6,1118.272
13,27.8,1124.098
14,27.9,1123.581
15,28.4,1078.394
16,28.7,1132.295
17,27.9,1250.939
18,26.4,1324.876
19,24.6,1352.983
20,23.4,1313.426
21,23.4,1278.212
22,22.3,1236.399
23,20.2,1156.949
24,30.3,1097.431
1,17.5,1059.557
2,16.9,1034.11
3,17.1,1027.399
4,15.9,1010.672
5,14.8,1025.093
6,13.9,1101.906
7,12.6,1182.507
8,10.4,1208.452
9,19.2,1159.326
10,22.2,1002.02
11,24.2,922.865
12,25.5,901.478
13,26.2,878.825
14,27.3,851.701
15,27.9,893.404
16,28.5,1031.721
17,28.5,1228.502
18,27.7,1356.347
19,26.4,1366.127
20,25.8,1325.484
21,24.7,1277.365
22,24.4,1228.882
23,24.5,1164.316
24,18.2,1110.462
1,25.5,1085.889
2,26.5,1072.974
3,27.8,1071.291
4,29.2,1085.055
5,30.6,1117.691
6,32,1178.299
7,33.1,1244.895
8,34.2,1244.987
9,33.8,1141.374
10,34.7,1044.682
11,35.5,988.717
12,35.8,935.597
13,36,904.222
14,36.2,906.184
15,36.5,944.775
16,36.7,1071.82
17,36.9,1234.027
18,35,1356.412
19,34.5,1352.024
20,34.2,1304.761
21,34.1,1254.299
22,31.1,1191.245
23,29,1116.268
24,24.8,1075.883
1,29.4,1033.706
2,25.9,1027.383
3,24.1,1020.729
4,23.3,1024.931
5,23.2,1060.578
6,22.9,1115.96
7,22.7,1214.574
8,22.1,1249.744
9,23.6,1190.378
10,23.2,1124.646
11,22.6,1095.187
12,22.3,1069.999
13,23.5,1057.389
14,23.4,1102.825
15,24.3,1211.137
16,24.7,1265.664
17,24,1344.973
18,22.7,1381.956
19,21.2,1385.094
20,20.3,1283.543
21,22.5,1214.197
22,20.7,1144.928
23,18.4,1061.615
24,32.3,1016.688
1,15.3,985.431
2,14.6,955.604
3,14,953.529
4,13.6,972.196
5,13,1008.547
6,12.5,1076.367
7,12.3,1167.204
8,12.1,1161.784
9,16.3,1060.509
10,17.2,979.483
11,18.1,925.963
12,19.4,866.198
13,19.8,824.193
14,20.3,830.379
15,20.5,933.125
16,20,1089.321
17,19.5,1222.24
18,18.1,1337.123
19,17.3,1344.605
20,16.6,1304.291
21,18.3,1253.832
22,17.7,1188.677
23,17.2,1122.74
24,16.5,1073.223
1,16.3,1041.943
2,15.4,1028.553
3,14.6,1014.746
4,13.5,1038.006
5,12.6,1080.373
6,11.5,1163.764
7,9.9,1258.544
8,8.4,1235.78
9,13.1,1066.661
10,13.5,928.735
11,14.8,860.838
12,17.1,828.145
13,20,811.188
14,22.6,814.068
15,24.7,866.022
16,25.9,994.045
17,26,1183.076
18,24.4,1325.754
19,21.7,1331.072
20,19.8,1302.741
21,21.7,1258.092
22,19.8,1201.784
23,18.1,1157.567
24,17,1157.002
1,15.3,1077.252
2,14.1,1072.521
3,13,1066.656
4,12.1,1082.318
5,11.6,1109.816
6,10.5,1170.847
7,9.4,1258.907
8,8.9,1254.595
9,11.7,1183.831
10,14.8,1101.496
11,17.1,1107.396
12,20,1104.772
13,23.1,1110.881
14,25.2,1121.994
15,26.3,1140.718
16,27.1,1193.316
17,27.2,1257.035
18,26.3,1312.94
19,23.7,1306.162
20,21,1258.807
21,21.6,1209.624
22,22.1,1153.24
23,21.6,1086.309
24,16.4,1054.996
1,19.6,1000.963
2,19.1,973.459
3,19.4,976.534
4,19.6,993.576
5,19.9,1014.031
6,20,1059.062
7,19.5,1127.835
8,18.7,1196.53
9,21,1230.047
10,21.7,1223.53
11,23.3,1181.69
12,25.2,1111.508
13,26.6,1047.364
14,27.7,996.446
15,28.3,982.187
16,28.4,1051.35
17,27.6,1192.31
18,25.6,1311.4
19,23.7,1319.864
20,22.5,1282.233
21,23.5,1251.194
22,22.1,1195.32
23,21.2,1153.943
24,20.7,1113.506
1,18.7,1090.29
2,17.2,1085.882
3,15.9,1075.05
4,14.6,1081.7
5,13.6,1102.354
6,13,1133.207
7,12.2,1180.752
8,11.6,1177.843
9,17.1,1094.85
10,19.3,1041.258
11,21.7,977.709
12,24.3,888.978
13,27,848.606
14,29.7,846.191
15,31.6,915.652
16,32.6,1074.253
17,32.3,1230.569
18,29.9,1337.378
19,27.5,1335.678
20,26.5,1281.378
21,26.1,1235.515
22,25.5,1210.203
23,25.2,1125.776
24,20,1051.669
1,25.4,1022.127
2,24.9,1015.307
3,24.7,1015.941
4,25,1026.807
5,24.8,1062.481
6,25.2,1125.5
7,25.7,1223.9
8,26.5,1308.758
9,30.1,1381.48
10,32.4,1429.507
11,34,1438.555
12,35.3,1430.135
13,36.6,1426.336
14,38.3,1415.439
15,39.4,1390.091
16,39.6,1387.817
17,38.7,1428.33
18,35.9,1498.737
19,32.4,1476.939
20,30.9,1405.616
21,30.6,1332.038
22,29.2,1256.225
23,28.8,1183.448
24,25.2,1113.456
1,27.9,1075.274
2,27.3,1059.629
3,26.1,1048.198
4,24.3,1046.801
5,22.7,1093.547
6,21.6,1174.695
7,19.4,1284.836
8,18.8,1277.851
9,28.3,1189.824
10,32.6,1116.632
11,35.6,1078.635
12,37.5,946.94
13,39.1,879.17
14,40.5,879.759
15,41.1,903.906
16,42.2,1039.752
17,40.3,1240.286
18,37.9,1392.184
19,36.9,1420.779
20,36.9,1387.798
21,37.3,1338.719
22,37.7,1274.252
23,38,1202.262
24,28.3,1160.375
1,38.2,1126.07
2,38.2,1115.59
3,37.8,1119.072
4,37.2,1132.701
5,37.1,1164.277
6,37,1241.186
7,36.9,1343.026
8,36.9,1380.23
9,38.1,1370.323
10,39.1,1361.822
11,41.6,1374.026
12,45.7,1396.682
13,48.8,1433.589
14,50.9,1437.228
15,52.5,1399.103
16,52.3,1386.865
17,48.9,1424.353
18,46.5,1460.497
19,44.2,1461.739
20,42.8,1417.915
21,42.4,1358.427
22,40.7,1293.419
23,38.3,1217.147
24,38.3,1149.042
1,36.9,1099.713
2,36.1,1071.915
3,35.7,1051.025
4,35.2,1063.763
5,35.5,1097.948
6,36.1,1180.511
7,36.3,1304.67
8,36.4,1316.384
9,39.9,1293.652
10,43.3,1134.821
11,45.9,1057.455
12,48.1,946.93
13,49.6,887.916
14,50,847.3
15,49,872.416
16,48,985.016
17,46.7,1172.125
18,44,1320.01
19,40.3,1350.13
20,38.5,1311.584
21,39.4,1298.241
22,37.7,1235.597
23,35.6,1200.154
24,37.2,1157.33
1,32.4,1070.168
2,31.3,1057.965
3,32,1051.209
4,32.6,1050.05
5,33.3,1092.09
6,33.9,1180.486
7,34,1290.198
8,34.7,1237.118
9,36.6,1110.148
10,37.8,972.607
11,40.2,917.862
12,44.5,861.665
13,49.2,829.862
14,51.9,849.202
15,51.8,867.102
16,50.3,1021.112
17,48.1,1178.397
18,47,1306.208
19,45.9,1311.78
20,45.6,1284.008
21,45.6,1249.191
22,44.2,1194.076
23,43.5,1132.425
24,34.3,1075.894
1,39.6,1040.056
2,38.3,1031.299
3,37.4,1024.136
4,36.6,1025.305
5,35.1,1043.642
6,34.3,1083.912
7,34.3,1140.055
8,34.8,1099.631
9,39.7,1030.169
10,42.5,951.964
11,43.8,918.293
12,44.3,929.003
13,43.5,993.906
14,41.4,1092.812
15,41.3,1096.084
16,40.4,1110.483
17,38.9,1145.237
18,36.9,1236.493
19,34.1,1252.19
20,45.6,1216.599
21,45.6,1177.585
22,44.2,1118.967
23,43.5,1060.703
24,34.3,1023.644
1,62.1,924.959
2,61.9,873.585
3,61.5,854.592
4,61.4,844.491
5,61.5,850.132
6,61.4,891.485
7,61.2,946.078
8,61.9,952.698
9,62.9,918.159
10,62.4,862.229
11,64.9,865.139
12,67.9,888.394
13,69.2,929.043
14,70.9,931.29
15,71.9,930.948
16,72.2,943.512
17,72,1014.07
18,71.1,1108.62
19,69.8,1174.942
20,68.3,1165.35
21,65.4,1161.31
22,64.3,1100.821
23,63,1020.188
24,62.3,954.361
1,61.5,867.183
2,60.6,823.03
3,59.9,802.763
4,59.4,789.96
5,59,795.239
6,58.6,812.475
7,58,835.304
8,59.2,832.564
9,62,809.247
10,64.7,765.104
11,68.5,753.535
12,71.1,757.927
13,72.5,776.72
14,73.2,800.195
15,73.2,825.416
16,72.6,874.017
17,70.9,950.974
18,70.4,1059.937
19,70.2,1146.137
20,69.9,1150.315
21,67.7,1131.513
22,66.4,1075.895
23,64.9,1001.526
24,61.7,931.297
1,63,866.065
2,62,832.213
3,61,803.4
4,60.3,800.125
5,60,796.824
6,59.4,806.255
7,58.9,810.299
8,61.2,824.353
9,64.8,836.666
10,67.7,829.028
11,72.8,813.497
12,76.6,831.51
13,78.9,851.293
14,80.1,871.932
15,80.8,918.62
16,81.3,1012.862
17,81.3,1111.971
18,81,1221.558
19,80.1,1269.787
20,77.8,1265.296
21,74.7,1227.628
22,69.8,1143.918
23,68.2,1050.277
24,63.8,975.725
1,65.4,917.627
2,64.5,873.898
3,63.9,848.779
4,63.3,842.964
5,63,858.664
6,62.8,906.204
7,62.6,960.299
8,64.5,981.017
9,68.5,1003.756
10,70.9,989.289
11,75.6,990.607
12,79.2,995.574
13,81.9,1029.289
14,83.9,1078.279
15,85.5,1120.354
16,86.4,1192.083
17,86.7,1274.655
18,85.7,1370.08
19,83.2,1407.8
20,81.1,1383.587
21,79.1,1351.472
22,73.6,1256.109
23,71.7,1155.651
24,66.6,1053.404
1,69.7,983.825
2,69,942.894
3,67.6,915.192
4,67.5,892.863
5,67,897.03
6,66.1,942.595
7,65.8,1004.486
8,67,1044.733
9,69.3,1045.624
10,70.7,999.67
11,72.8,968.553
12,73.8,967.159
13,73.3,969.236
14,73.4,941.45
15,73.8,953.088
16,73.9,1014.862
17,73.5,1106.005
18,72.7,1216.028
19,71.1,1276.456
20,68.9,1269.78
21,67.3,1244.781
22,65.7,1163.642
23,65.3,1066.018
24,70.2,972.431
1,64.4,916.99
2,63.9,867.243
3,63.7,839.492
4,63.1,839.388
5,62.4,853.359
6,62.1,917.464
7,62.2,978.261
8,64,998.139
9,67.2,980.918
10,69.9,945.488
11,73,937.771
12,74.9,936.986
13,76,965.934
14,76.5,997.564
15,75.9,1027.44
16,75,1053.436
17,74,1127.987
18,71.4,1226.407
19,68.9,1279.901
20,67.7,1260.384
21,67,1249.27
22,66.2,1188.35
23,66.2,1088.434
24,64.8,993.112
1,65.7,925.9
2,65.4,896.101
3,64.7,853.664
4,64.2,845.409
5,63.9,862.523
6,63.6,899.832
7,62.8,952.585
8,63.9,1006.36
9,67.3,1011.601
10,70.7,976.808
11,73.5,957.945
12,74.9,965.103
13,76.5,984.413
14,77.8,1018.439
15,78.7,1024.361
16,79,1064.819
17,79.1,1144.377
18,78.8,1234.004
19,77.7,1284.26
20,75.6,1271.533
21,72.1,1247.589
22,70.6,1160.933
23,68.9,1062.526
24,66.1,1003.909
1,66.1,930.617
2,64.8,877.494
3,63.8,846.298
4,63,838.005
5,62.2,871.537
6,61.3,941.792
7,60.5,979.39
8,62.6,985.839
9,67.2,978.048
10,71.4,971.231
11,75.8,975.145
12,78.3,1001.075
13,80.2,1003.851
14,81.3,1024.74
15,81.9,1052.968
16,82.2,1094.107
17,81.8,1189.904
18,80.5,1262.023
19,79.1,1288.986
20,77.2,1264.47
21,73.6,1237.384
22,71.1,1174.326
23,69,1086.554
24,67.5,1015.198
1,66.1,936.891
2,64.8,898.468
3,63.7,871.665
4,62.7,857.248
5,61.6,855.113
6,60.5,869.019
7,59.8,901.221
8,61.5,918.017
9,65.8,902.194
10,69.3,866.511
11,73.9,869.905
12,77.4,889.304
13,79.5,909.961
14,80.7,924.052
15,80.8,948.881
16,80.5,995.456
17,79.9,1088.507
18,79,1204.946
19,77.6,1263.221
20,75.8,1251.127
21,73.5,1229.581
22,72,1158.131
23,70.6,1079.425
24,67.5,1019.675
1,68.1,941.058
2,67.4,901.621
3,66.5,876.232
4,65.6,833.739
5,64.8,828.156
6,64.3,837.538
7,63.9,850.913
8,65.4,876.791
9,69.1,867.3
10,72.6,844.03
11,77,858.132
12,81.4,885.529
13,84.8,931.117
14,86.5,985.163
15,87.6,1043.895
16,88.4,1143.754
17,87.6,1269.038
18,86.6,1387.703
19,86,1460.348
20,84.2,1444.024
21,80.5,1415.574
22,77,1313.414
23,75.2,1198.108
24,68.9,1129.784
1,74,1055.481
2,72.9,1019.612
3,72,975.708
4,71.2,964.39
5,70.6,983.805
6,70.2,1025.355
7,69.7,1094.577
8,71.4,1154.907
9,75.6,1163.903
10,80.1,1170.904
11,85.1,1222.055
12,88.8,1266.714
13,91.1,1315.286
14,92.4,1371.066
15,93.5,1409.033
16,94.5,1460.696
17,92.9,1536.963
18,92,1648.122
19,91,1699.771
20,88.5,1656.747
21,85.1,1603.494
22,83,1485.087
23,80.1,1353.888
24,75,1233.303
1,78.3,1177.749
2,77.3,1103.408
3,75.8,1067.701
4,74.6,1050.629
5,73.6,1055.918
6,72.7,1098.473
7,71.9,1169.528
8,72.9,1203.366
9,76.2,1224.465
10,79.9,1236.455
11,84.8,1277.328
12,89.1,1325.1
13,91.6,1373.899
14,93.3,1419.087
15,94,1444.96
16,94.2,1487.979
17,93.6,1567.165
18,93,1664.966
19,89.5,1706.87
20,85.6,1662.813
21,82.1,1603.635
22,80.2,1474.026
23,78.5,1346.438
24,78.4,1233.347
1,75.6,1155.184
2,74.3,1092.762
3,73.3,1048.751
4,72.4,1034.749
5,71.7,1038.679
6,70.9,1067.501
7,70.2,1134.821
8,71.2,1188.579
9,74,1195.811
10,77.8,1200.594
11,82.3,1219.293
12,86.1,1251.528
13,89,1288.334
14,89.8,1318.04
15,90.4,1357.907
16,90,1416.73
17,83,1524.956
18,82.6,1603.298
19,76.4,1607.166
20,76.5,1599.353
21,76,1550.283
22,77.4,1455.45
23,76.6,1346.544
24,77,1238.066
1,75.6,1169.653
2,75.2,1128.69
3,74.4,1106.003
4,73.8,1081.832
5,73.2,1097.216
6,72.7,1143.089
7,72,1232.374
8,73,1279.014
9,75.4,1334.614
10,78,1347.859
11,80.4,1354.96
12,82.6,1330.199
13,84.1,1363.13
14,85.7,1429.234
15,80.6,1488.51
16,77,1486.117
17,79.5,1496.129
18,78.8,1525.285
19,79.2,1551.451
20,77.6,1546.881
21,75.3,1517.685
22,78.5,1429.377
23,77.3,1309.473
24,76,1197.213
1,75,1118.362
2,74.3,1053.123
3,74.1,1008.93
4,72.6,984.74
5,71,990.53
6,69.7,1034.971
7,68.7,1063.752
8,69.1,1089.585
9,70.8,1056.508
10,73.3,1001.286
11,75.1,977.64
12,75.9,967.34
13,76.5,992.275
14,76.6,1019.677
15,76.7,1044.694
16,76.9,1102.943
17,76.3,1201.384
18,75.2,1314.138
19,73.6,1373.241
20,71.2,1348.953
21,69.1,1314.46
22,68.5,1225.536
23,67.8,1126.115
24,76.1,1039.23
1,66.1,957.87
2,65.2,922.456
3,64.1,899.503
4,63.4,879.972
5,62.8,872.363
6,62.1,872.886
7,61.8,887.004
8,64,909
9,68.3,886.625
10,71.5,872.249
11,75.3,868.24
12,78.6,895.778
13,81.3,921.759
14,83,937.882
15,82.8,970.991
16,81.9,1021.117
17,82.7,1118.94
18,82.9,1235.316
19,82.1,1300.463
20,79.6,1296.044
21,76.1,1272.761
22,74.3,1196.847
23,72.9,1110.984
24,66.9,1035.925
1,71.4,985.625
2,70.6,934.944
3,69.8,909.325
4,69.3,893.008
5,68.8,881.187
6,68.5,886.959
7,68.4,913.158
8,69.7,931.585
9,72.8,930.614
10,76.3,911.392
11,80.7,950.584
12,83.8,994.91
13,86.4,1072.741
14,88.3,1144.272
15,89.3,1245.007
16,90.4,1325.897
17,89.1,1418.336
18,85.6,1460.411
19,82.9,1412.084
20,81,1343.856
21,79.2,1282.236
22,76.9,1191.645
23,72,1088.619
24,72.2,1002.873
1,69.5,926.975
2,67.8,894.135
3,66.6,867.608
4,66.7,847.091
5,65.4,864.975
6,64.4,911.933
7,63,974.786
8,62.3,960.614
9,62.6,901.478
10,63.9,836.076
11,66,810.255
12,67.9,811.637
13,69.3,822.345
14,70.1,844.111
15,70.3,870.687
16,69.8,906.753
17,68.6,982.144
18,67.5,1085.29
19,66.8,1178.887
20,65.9,1179.318
21,64.7,1142.345
22,63.5,1066.987
23,62.7,979.362
24,70.6,884.204
1,60.4,833.719
2,59.9,804.741
3,58.9,787.178
4,58.3,780.608
5,58,804.792
6,57.6,863.326
7,57.3,937.641
8,58.8,954
9,62.1,936.171
10,63.9,922.118
11,66.7,896.754
12,68.3,812.977
13,66.8,814.969
14,66.7,834.573
15,67.7,828.511
16,69.7,871.751
17,68,963.916
18,68.7,1053.718
19,67.5,1127.84
20,65.8,1131.948
21,64.2,1118.057
22,64.9,1043.915
23,63,958.651
24,61.6,882.594
1,61.3,828.916
2,61.1,813.042
3,60.6,796.536
4,60.3,789.743
5,60.2,810.86
6,60.3,877.859
7,60.4,960.745
8,61.3,1013.612
9,62.6,1046.128
10,63.1,1054.138
11,62.7,1027.499
12,64.1,1001.239
13,65.2,938.002
14,63.9,937.538
15,61.2,961.096
16,60.3,1003.745
17,59.4,1013.957
18,59.4,1058.062
19,59.8,1117.945
20,59.2,1145.779
21,58.9,1127.636
22,56.9,1058.355
23,57.1,966.796
24,62.1,879.053
1,56.4,837.941
2,56.3,804.478
3,57.4,777.847
4,58.7,774.042
5,59.4,798.325
6,59.7,853.782
7,59.8,935.77
8,60.2,940.537
9,61.9,877.186
10,62.8,818.802
11,65.2,790.66
12,66.8,781.793
13,66.5,787.87
14,66.7,800.047
15,67.6,813.559
16,67.8,848.543
17,67.3,931.055
18,66,1050.466
19,65,1134.436
20,63.5,1147.738
21,62.1,1128.058
22,61.2,1064.446
23,60.6,979.006
24,56.9,901.204
1,60.1,870.655
2,59.7,810.739
3,58.6,793.09
4,57.5,781.241
5,57,797.099
6,56.8,848.432
7,56.8,914.412
8,58.5,934.625
9,62.1,882.167
10,65.7,831.641
11,70.6,821.819
12,74.4,859.923
13,76.8,904.325
14,79,881.284
15,80.7,879.713
16,80.6,910.326
17,76.8,1000.159
18,73.3,1128.902
19,73.3,1208.064
20,72.2,1193.102
21,69,1164.767
22,67,1087.508
23,66,1014.926
24,60.4,922.72
1,64.7,872.053
2,64.1,829.575
3,63.5,809.754
4,62.6,793.178
5,61.8,805.413
6,61.2,810.233
7,61.1,828.52
8,62.5,860.11
9,66.2,828.199
10,70.3,802.491
11,75.7,794.685
12,80.1,815.571
13,82.9,834.644
14,84.4,865.628
15,85.4,899.593
16,85.4,971.376
17,85.4,1057.254
18,82.8,1161.189
19,81.1,1223.9
20,78,1211.693
21,74.4,1186.574
22,72.2,1118.674
23,70.3,1035.086
24,65.1,962.295
1,67.3,914.249
2,66.6,882.037
3,65.8,841.927
4,65.1,828.451
5,64.4,826.533
6,63.7,837.452
7,63,866.184
8,64,862.214
9,67.5,840.719
10,70.9,830.194
11,74.3,808.762
12,76.7,815.194
13,79.5,840.154
14,81.1,864.993
15,79.4,922.513
16,79.2,1009.068
17,79.7,1122.311
18,79,1209.06
19,76.5,1230.168
20,74.1,1237.831
21,72.5,1208.002
22,71.7,1129.697
23,70.2,1052.568
24,68.5,964.078
1,67.5,930.412
2,66.7,890.986
3,67.2,874.53
4,67.1,867.489
5,67,874.373
6,66.9,923.574
7,67,1002.964
8,67.4,1066.672
9,68.4,1108.235
10,69.3,1114.153
11,72.7,1106.482
12,76.3,1079.351
13,79.8,1079.202
14,80.6,1105.119
15,82.5,1123.218
16,82.8,1130.2
17,83.1,1203.24
18,82,1251.31
19,80.6,1283.363
20,78.4,1265.195
21,75.7,1224.325
22,74.7,1138.296
23,73,1041.635
24,68.6,972.232
1,70.7,931.646
2,69.3,879.162
3,68.4,854.231
4,66.5,843.253
5,64.8,858.254
6,63.6,904.918
7,62.6,975.083
8,62.6,999.677
9,64.6,935.337
10,68.7,881.625
11,71.9,882.682
12,74.4,933.76
13,76.2,976.056
14,77.5,984.16
15,78.7,1001.025
16,79,1023.893
17,79.4,1081.225
18,77.2,1154.18
19,76,1192.088
20,73.8,1196.098
21,71.5,1155.949
22,70.2,1073.511
23,68.8,979.795
24,71.9,895.779
1,65.7,854.521
2,64.8,813.206
3,63.9,791.926
4,62.8,779.02
5,61.6,802.451
6,60.5,853.307
7,59.5,911.49
8,60.2,930.273
9,62.9,925.493
10,64.9,873.516
11,68.4,838.074
12,71.3,863.725
13,73.3,940.253
14,74.9,976.997
15,75,1021.144
16,73.7,1010.104
17,74.9,1026.452
18,74.9,1072.846
19,69.3,1121.782
20,66.9,1127.875
21,65.9,1099.37
22,66.9,1025.958
23,65.6,937.286
24,67.2,868.569
1,62.7,811.723
2,61.2,786.393
3,60,758.439
4,59,756.379
5,58.2,776.77
6,57.3,843.108
7,56.7,927.28
8,57.6,927.902
9,61.2,851.132
10,63.7,792.354
11,69.1,753.469
12,72.1,766.688
13,74.1,793.521
14,75.8,794.261
15,76.9,796.939
16,78.5,834.73
17,76,914.77
18,74.9,1035.533
19,74.4,1112.955
20,70.4,1126.95
21,68.6,1104.202
22,68.5,1018.408
23,67.6,945.305
24,64.1,876.922
1,65.6,839.309
2,64.8,809.09
3,64,783.947
4,63.8,775.083
5,63.6,782.352
6,63,837.049
7,62.5,893.526
8,63.3,959.641
9,63.7,990.537
10,68.5,972.483
11,68.2,981.807
12,72.4,996.847
13,72.9,960.646
14,74.4,953.067
15,76.5,1009.45
16,76.8,1019.964
17,75.2,1051.543
18,67.1,1078.877
19,67.5,1087.818
20,63,1088.1
21,62.4,1046.581
22,61.3,989.263
23,61.4,914.375
24,66.6,849.662
1,59.9,801.733
2,59.6,776.932
3,58.5,758.147
4,57.2,750.978
5,56.2,752.195
6,55.5,773.403
7,54.7,809.81
8,55,849.532
9,57.6,846.332
10,61.5,800.682
11,65.1,754.884
12,68.1,768.165
13,70.4,787.94
14,72.7,752.289
15,73.9,795.964
16,74,857.587
17,74.1,935.739
18,74.1,995.89
19,73.1,1029.911
20,70.6,1041.428
21,68.4,1019.89
22,67.5,958.972
23,65.4,890.326
24,60.7,823.433
1,62.5,789.622
2,61.2,760.447
3,59.9,748.514
4,58.9,729.379
5,57.9,734.444
6,57,757.697
7,56.4,788.972
8,56.8,784.447
9,59.5,757.179
10,62.9,719.354
11,66.8,683.644
12,70.2,681.998
13,72.7,699.498
14,74.4,705.664
15,74.9,742.868
16,74.9,802.918
17,74.5,897.872
18,73.1,1025.133
19,71.6,1084.722
20,69.7,1080.931
21,67.8,1048.417
22,65.9,982.859
23,63.9,912.906
24,63.6,850.447
1,57,886.589
2,56.4,868.423
3,55.6,858.183
4,54.9,851.791
5,50.6,884.407
6,47.6,959.624
7,44.7,1078.362
8,41.3,1120.93
9,40.5,1093.06
10,43.5,966.667
11,44.8,895.57
12,46.4,829.874
13,47.7,778.012
14,48.8,751.388
15,49.8,740.883
16,50.4,755.015
17,50,849.79
18,48.8,1013.357
19,47.2,1158.553
20,44.2,1200.965
21,41.7,1185.951
22,41.6,1121.252
23,39.4,1051.754
24,57.1,991.545
1,34.9,963.94
2,33.2,947.11
3,31.8,945.761
4,31,953.046
5,30.3,992.81
6,29.6,1070.501
7,28.8,1181.359
8,29,1184.844
9,30.6,1073.513
10,34.1,947.705
11,36.2,859.347
12,37.9,817.161
13,38.7,779.391
14,37.9,765.997
15,37.6,763.025
16,37.4,841.39
17,37.6,996.271
18,37.7,1149.757
19,36.6,1219.425
20,35.7,1224.42
21,35.6,1185.594
22,37.1,1120.906
23,37.2,1033.832
24,37,962.4
1,36.1,931.927
2,36,911.341
3,36.6,906.567
4,36.9,905.23
5,37.2,933.723
6,37.8,1003.99
7,38.9,1115.165
8,40.9,1203.127
9,44,1236.411
10,43.8,1255.089
11,47,1262.78
12,49.9,1241.973
13,55.3,1201.538
14,60.5,1151.05
15,66.1,1116.158
16,67.4,1129.872
17,64.6,1151.985
18,65.2,1180.701
19,63.2,1200.384
20,63.6,1196.814
21,63.7,1147.57
22,62.7,1079.753
23,63,993.989
24,36.6,924.25
1,61.7,887.529
2,60.8,859.256
3,60.8,845.143
4,61,841.775
5,60.2,860.559
6,58.9,940.948
7,57.6,1047.537
8,56.5,1072.399
9,56.2,1048.814
10,59.9,974.115
11,61.5,798.65
12,63,764.485
13,64.3,731.577
14,65.4,714.703
15,65.7,696.677
16,65.1,709.969
17,64.5,800.353
18,63.3,937.943
19,61.1,1048.612
20,56.9,1075.834
21,53.5,1044.124
22,54.4,995.59
23,52.3,935.728
24,62.5,884.912
1,47.7,859.244
2,45.6,829.396
3,43.5,820.317
4,42.2,822.692
5,41.3,838.594
6,42.5,870.796
7,43.3,928.117
8,42.4,968.526
9,41.5,996.056
10,43.2,971.628
11,43.2,948.043
12,43.1,983.929
13,44,988.01
14,43.7,995.179
15,42.3,1029.235
16,42,1058.011
17,42.5,1109.317
18,42,1139.05
19,41.4,1160.411
20,40.6,1142.806
21,40.4,1103.832
22,39.6,1043.169
23,39.6,979.676
24,50.1,917.09
1,40.2,885.168
2,40.8,846.916
3,41.2,835.237
4,41.3,827.289
5,41.2,833.371
6,41.4,857.362
7,41.9,901.995
8,42.9,970.346
9,43.7,1018.236
10,41.2,1058.225
11,42.5,1067.13
12,44.7,1064.089
13,47.7,1028.33
14,49,974.519
15,50.4,917.353
16,55.2,924.597
17,55.9,959.161
18,55.5,1007.161
19,56.4,1087.61
20,53.2,1120.263
21,51.3,1084.403
22,50.3,1012.735
23,48.2,931.244
24,39.6,864.657
1,46.6,836.943
2,44.8,812.86
3,44.1,813.849
4,43.2,821.456
5,42.6,861.943
6,41.9,941.33
7,40.8,1063.106
8,39.7,1099.439
9,37,1106.428
10,36.7,1056.801
11,37.3,1000.677
12,37.9,950.699
13,38.9,952.655
14,38.7,971.09
15,38.5,1001.249
16,38.1,1023.723
17,37.4,1090.557
18,36,1154.448
19,35.7,1181.856
20,35.7,1188.258
21,36.5,1150.26
22,37.8,1070.783
23,37.5,991.951
24,46.5,939.134
1,37.7,909.568
2,37.6,877.928
3,37.5,865.449
4,37.2,863.711
5,37,892.421
6,37,974.895
7,36.9,1085.121
8,37.3,1121.115
9,38.2,1124.87
10,39.4,1132.643
11,40.5,1088.798
12,41.5,1029.045
13,40.3,1040.258
14,41,1056.191
15,40.7,1080.825
16,43.9,1090.906
17,41.7,1126.644
18,39,1196.283
19,36.2,1229.341
20,34.1,1234.32
21,32.2,1198.122
22,31.5,1130.653
23,30.1,1053.916
24,37.6,1000.874
1,28.1,974.972
2,27.4,949.407
3,27.6,937.488
4,27.9,938.435
5,28,968.467
6,27.8,1045.508
7,27.3,1164.064
8,27.6,1198.521
9,29.3,1173.97
10,32.2,1105.806
11,34.3,989.429
12,36.7,875.79
13,39.1,798.779
14,41.6,766.893
15,43.5,745.6
16,45,777.861
17,45.9,854.082
18,45.7,1025.587
19,44.2,1134.992
20,41.7,1185.596
21,39.3,1173.507
22,38.7,1109.84
23,36.9,1024.324
24,29,969.693
1,33.1,927.961
2,32.1,921.204
3,31.5,922.777
4,30.8,930.569
5,30.3,975.504
6,29.2,1059.759
7,28.9,1168.876
8,30.9,1121.178
9,34.5,979.068
10,37.9,853.822
11,40.1,794.1
12,41.5,765.278
13,43.2,750.476
14,44.8,736.067
15,45.4,729.979
16,44.3,757.981
17,42.4,831.379
18,43.2,991.258
19,43.9,1115.914
20,43.6,1162.361
21,42.3,1131.256
22,41.4,1063.142
23,40.5,992.034
24,35.3,923.134
1,39.6,882.052
2,38.4,858.739
3,37.5,850.253
4,35.9,844.656
5,34.8,878.215
6,34.3,946.416
7,34,1068.949
8,34.2,1137.889
9,35.2,1152.057
10,37.1,1112.871
11,38.7,1063.379
12,39.6,1051.598
13,40.8,1063.03
14,42.3,1023.095
15,43.1,1022.38
16,42.3,1038.018
17,41.9,1074.945
18,41.8,1099.33
19,40.6,1123.779
20,40.1,1121.851
21,39.8,1086.094
22,40.3,1027.994
23,40,957.964
24,40.4,894.297
1,39.3,879.359
2,38.4,838.055
3,36.9,832.882
4,35.5,824.154
5,35.1,836.804
6,34.4,868.848
7,34.2,939.989
8,34.1,1018.124
9,34.1,1093.539
10,34.9,1121.866
11,35.9,1129.939
12,36.8,1128.254
13,37.6,1125.249
14,37.9,1087.8
15,37.8,1081.311
16,38,1098.311
17,37.9,1127.963
18,37.8,1149.257
19,37.5,1146.137
20,37.5,1142.71
21,37.4,1106.378
22,38.3,1039.003
23,38.7,979.181
24,39.8,919.987
1,38.6,881.437
2,38.5,854.999
3,38.1,842.351
4,37.9,837.645
5,37.7,854.912
6,37.3,880.648
7,36.8,936.595
8,36.7,984.716
9,36.9,1048.658
10,38.1,1091.153
11,38.7,1089.825
12,39.4,1094.679
13,41.8,1081.601
14,43.1,1056.986
15,43,1058.079
16,43.2,1078.923
17,42.7,1124.899
18,43.1,1170.506
19,42.8,1182.24
20,42.6,1184.582
21,41.9,1147.754
22,42.5,1063.816
23,41.4,981.309
24,38.5,905.703
1,40.4,859.145
2,39.9,837.283
3,39.6,828.268
4,38.8,830.599
5,38.5,873.783
6,37.9,953.782
7,37.7,1069.452
8,39,1045.207
9,43.3,949.047
10,49.5,879.881
11,53.7,839.944
12,56.6,785.216
13,59.1,736.58
14,61.6,716.231
15,63.7,690.709
16,65.4,684.693
17,66.4,778.944
18,65.7,936.076
19,63.2,1028.015
20,58.9,1078.397
21,55.6,1064.932
22,53.6,988.584
23,52.5,907.264
24,40.5,839.504
1,50.6,813.589
2,50.8,792.833
3,49.8,793.379
4,49.7,784.942
5,49.1,821.484
6,47.8,898.474
7,46.5,1021.435
8,46,1071.539
9,49.1,1067.872
10,52.1,1030.823
11,56.2,969.013
12,60,860.17
13,60.7,742.769
14,65.1,768.228
15,64,873.81
16,60.3,966.44
17,61.8,1048.47
18,64.5,1138.45
19,56.8,1158.386
20,56.2,1134.092
21,54.8,1081.355
22,50.9,995.301
23,49,907.565
24,51.3,843.753
1,46.7,821.774
2,44.6,796.309
3,43.2,786.121
4,41.5,796.1
5,40.2,833.334
6,39.2,925.925
7,38.7,1015.667
8,39.2,999.505
9,41.3,906.691
10,42.3,860.646
11,43.4,881.316
12,46,866.135
13,48.1,838.305
14,49.4,845.14
15,48.8,893.929
16,49.5,879.916
17,49.5,927.572
18,49.6,1029.382
19,47.7,1119.11
20,45,1145.051
21,42.3,1118.484
22,41.5,1049.027
23,39.9,965.215
24,48.2,900.117
1,38.9,857.243
2,38.7,853.179
3,38.4,853.562
4,38.1,858.383
5,37.8,890.634
6,37.5,969.522
7,37.1,1067.196
8,38,1038.398
9,40.6,901.721
10,46.8,803.757
11,48.9,755.141
12,51.3,719.054
13,53.7,697.594
14,55.2,691.703
15,56.4,670.504
16,56.3,679.754
17,56.1,766.487
18,56.2,900.016
19,54.9,1039.017
20,52.2,1090.802
21,48.1,1091.511
22,47.6,1030.711
23,45.8,954.227
24,39.3,888.42
1,41.9,860.686
2,40.8,844.44
3,39.3,851.599
4,37.9,851.484
5,36.4,894.959
6,35.7,951.67
7,35.2,1039.822
8,36.9,996.769
9,42,872.248
10,48.4,762.347
11,53.6,698.555
12,56.6,659.285
13,59.4,640.455
14,61,626.326
15,62.3,656.687
16,64,773.177
17,63.2,918.127
18,60.4,1024.407
19,56.9,1055.848
20,55,1039.971
21,53.3,1020.87
22,54,954.843
23,53.2,888.39
24,43.5,823.315
1,54.7,799.923
2,55.5,763.539
3,55.8,747.789
4,55.8,747.979
5,55.8,769.483
6,55.8,790.749
7,56.7,852.081
8,57.6,893.282
9,60.2,927.571
10,63.8,925.178
11,67.8,857.044
12,71.2,788.339
13,74.3,778.904
14,75.5,799.622
15,78.5,817.016
16,80.6,819.796
17,81,848.293
18,80.2,899.46
19,77.4,975.441
20,74.7,994.542
21,72.7,987.554
22,68.9,926.586
23,67.7,859.657
24,54.4,807.113
1,66.5,752.76
2,65.7,723.737
3,64.7,706.983
4,62.9,704.501
5,60.4,704.077
6,58,741.979
7,54.9,769.466
8,53.1,781.468
9,52.2,761.84
10,55.6,704.834
11,56.2,647.644
12,56.7,610.623
13,57,596.275
14,57.6,568.646
15,58.4,556.974
16,58.3,582.932
17,58.1,670.272
18,57.5,814.88
19,56.4,939.323
20,54.1,995.528
21,51.5,1002.22
22,51.6,932.756
23,49.3,867.273
24,67.2,819.345
1,45,793.213
2,43.2,782.372
3,41.4,777.579
4,40.3,791.759
5,39.2,820.311
6,38.5,895.537
7,37.4,956.633
8,39.3,925.034
9,42.5,829.841
10,47.6,748.472
11,50,703.407
12,51.8,672.1
13,53.2,646.415
14,53.6,620.678
15,54,631.931
16,54.5,691.506
17,56.1,838.411
18,55,984.075
19,50.9,1054.776
20,48.7,1076.031
21,47.7,1048.987
22,47.7,978.758
23,47.1,886.952
24,47.1,828.676
1,46.8,794.338
2,48.3,773.448
3,47.3,762.771
4,48.2,763.997
5,48.7,797.545
6,50.3,870.28
7,51.3,958.224
8,52.8,1027.284
9,55.8,1067.28
10,54,1071.57
11,56.7,1065.566
12,59.7,1004.02
13,63.3,931.317
14,65.7,877.594
15,67.9,856.522
16,70.1,833.112
17,69.2,886.341
18,68.8,976.738
19,67.5,1047.313
20,65,1075.443
21,64.5,1053.591
22,52.5,981.889
23,54.9,909.57
24,46.9,842.104
1,55.1,809.561
2,53.4,775.495
3,51.7,761.55
4,50.7,758.412
5,49.3,788.999
6,48.1,848.2
7,46.8,924.195
8,47.3,920.161
9,49.8,799.769
10,54.9,720.6
11,57.2,677.092
12,59.2,655.519
13,61.3,639.989
14,63.6,639.922
15,65.7,630.73
16,67.4,637.47
17,68.1,743.365
18,68,871.483
19,66.6,983.988
20,63.1,1029.53
21,59.1,1025.877
22,57.5,953.543
23,55.8,887.836
24,56.7,823.055
1,53.8,783.646
2,52,771.442
3,50.3,764.325
4,48.8,771.692
5,47.2,803.221
6,45,876.294
7,44.5,941.988
8,47,917.281
9,50.4,822.522
10,54.1,725.635
11,57,679.807
12,59.9,653.45
13,61.6,634.593
14,63,634.266
15,64.7,650.013
16,65.8,653.695
17,65.3,768.275
18,65.2,906.29
19,65.6,996.746
20,63,1040.039
21,58.9,1016.377
22,59.4,954.033
23,59.4,876.996
24,55.2,807.857
1,56.7,763.257
2,55.2,734.866
3,54.7,719.735
4,54.6,718.508
5,54.8,740.578
6,54.5,796.771
7,55.8,876.59
8,57,891.781
9,59.9,810.521
10,62.2,755.869
11,63.6,701.554
12,67.8,678.129
13,69.3,693.832
14,69.5,687.621
15,68.2,746.48
16,64.5,832.698
17,60.8,909.177
18,60.2,948.184
19,60.2,970.928
20,62.1,970.808
21,64,945.106
22,63.1,899.168
23,62.3,848.438
24,58,789.608
1,60.4,745.003
2,58,733.071
3,57.3,724.271
4,56.6,723.265
5,56.5,727.902
6,56.8,760.632
7,56.9,807.713
8,56.8,875.133
9,57.6,954.534
10,59.3,1017.144
11,60.2,1035.992
12,60.5,1034.167
13,60.3,1021.068
14,61,1005.512
15,62.1,992.085
16,61.5,994.552
17,61.6,1018.955
18,61,1048.962
19,60.6,1032.5
20,60.8,1020.9
21,60,990.116
22,62,933.45
23,61.1,860.178
24,61.3,805.055
1,51.3,764.312
2,50,744.371
3,48.4,728.584
4,46.8,727.148
5,45.2,733.811
6,44.5,765.316
7,44.1,801.612
8,45.2,857.106
9,47.1,907.634
10,48.8,943.676
11,48.3,937.335
12,49.9,949.342
13,51.1,968.046
14,53.7,964.922
15,53.1,968.302
16,52.5,1001.458
17,52,1044.252
18,50.4,1103.475
19,49,1120.757
20,47.3,1126.97
21,46.6,1073.306
22,47.4,998.555
23,47.4,919.321
24,54.2,831.664
1,50.4,798.331
2,49.9,780.203
3,47.9,769.29
4,46.1,795.494
5,45.5,835.015
6,46.8,895.913
7,47.8,968.289
8,50.1,921.163
9,53.7,806.796
10,58.7,719.897
11,62.7,682.466
12,66,656.811
13,68,645.517
14,69,637.306
15,69.7,632.389
16,70.3,654.265
17,70.5,750.279
18,70.3,871.562
19,69.3,983.965
20,65.1,1026.828
21,61.5,1014.842
22,60.3,954.036
23,57.6,864.151
24,49.3,798.158
1,54.8,755.583
2,53.9,740.505
3,53.1,727.209
4,52.6,731.27
5,51.8,765.439
6,51.3,840.748
7,50.8,919.383
8,52.5,898.252
9,56.6,803.409
10,62.3,710.192
11,66.5,669.995
12,70,663.746
13,72.6,650.052
14,73.9,641.807
15,74.5,647.489
16,74.1,706.672
17,72.9,791.01
18,70.6,916.438
19,67.9,1007.224
20,65,1037.799
21,62.2,1040.981
22,62.6,956.337
23,62.1,874.747
24,55.8,814.964
1,63,770.188
2,63.9,745.337
3,63.2,731.198
4,63.8,730.923
5,64,763.205
6,64.5,832.093
7,62.6,910.669
8,58.2,891.784
9,57.4,781.034
10,63.7,700.958
11,63.9,672.309
12,65.2,656.602
13,66.2,660.697
14,66.7,638.323
15,67.4,639.36
16,67.1,661.95
17,66.2,748.487
18,65.3,879.499
19,63.5,998.513
20,60.4,1033.499
21,56.9,1037.304
22,57.6,966.826
23,55,884.956
24,62.2,821.553
